id,التاريخ,مدخل: ticker,مدخل: stockName,مدخل: companyType,مدخل: growth5yr,مدخل: growthPerp,مدخل: discountRate,مدخل: currentPe,مدخل: sectorPe,مدخل: dividends,مدخل: bookValue,مدخل: bondYield,مدخل: currentPrice,مدخل: fairPb,مدخل: scenario,مدخل: debtRatio,مدخل: liquidityRatio,مدخل: earningsQuality,مدخل: betaMain,مدخل: perplexityEval,مدخل: notes,مدخل: eps,مدخل: fcf,مدخل: netDebt,مدخل: bvps,مدخل: bankRoe,مدخل: bankCurrentPb,مدخل: bankFairPb,مدخل: bankEps,مدخل: bankCurrentPe,مدخل: bankFairPe,مدخل: bankDps,مدخل: bankPayout,مدخل: cet1,مدخل: npl,مدخل: provCoverage,مدخل: ldr,مدخل: nav,مدخل: totalUnits,مدخل: ffo,مدخل: pffoMultiple,مدخل: capRate,مدخل: totalDebt,مدخل: costOfEquity,مدخل: riskFree,مدخل: marketReturn,مدخل: anchorModel,مدخل: decision,مدخل: execPrice,مدخل: fcfBasis,مدخل: noNetDebt,مدخل: noi,مدخل: noTotalDebt,مدخل: normEps,مدخل: normFcf,نتيجة: fairValueRange,نتيجة: fairValueDetail,نتيجة: fairValueAvg,نتيجة: marginText,نتيجة: models,نتيجة: fairValueArithmeticAvg,نتيجة: fairValueMin,نتيجة: fairValueMax,نتيجة: dispersionCV,نتيجة: modelsInAvg,نتيجة: fairValueUnreliable,نتيجة: anchorModel,نتيجة: marginDual,نتيجة: sustainFail,نتيجة: sustainReasons,نتيجة: sustainWatch,نتيجة: bookFloor
1787401920939,٢٢‏/٨‏/٢٠٢٦، ١:٣٢:٠٠ م,1010,الرياض,bank,5,2.5,8.0,8.26,13,1.05,15.42,4.5,20.49,1.55,realistic,622.7,,16.1,0.4,,,,,,15.42,17.5,1.33,1.55,2.48,8.26,13,1.05,42.3,,1.05 ⚠️,150 ⚠️,83.7,,,,,,,9.5,4.0,9.5,,hold,,fcff,true,,,,,‏١٥٫٣٧ ر.س.‏ — ‏٣٤٫٥٨ ر.س.‏,⚠️ التشتّت 32% — النماذج لا تتفق، لا تبنِ قراراً على رقم واحد | اختر نموذج مرساة أدناه ليُحسب عليه الهامش | (المتوسط الحسابي ‏٢٤٫٦٢ ر.س.‏ معروض للعلم فقط) | DDM مخصوم بـ Ke = 9.50%,24.618666666666666,,"[{""name"":""P/B Fair Value"",""value"":""‏٢٣٫٩٠ ر.س.‏"",""raw"":23.901,""inAvg"":true},{""name"":""P/E Fair Value"",""value"":""‏٣٤٫٥٨ ر.س.‏"",""raw"":34.58,""inAvg"":true},{""name"":""DDM"",""value"":""‏١٥٫٣٧ ر.س.‏"",""raw"":15.374999999999998,""inAvg"":true}]",24.618666666666666,15.374999999999998,34.58,31.91405183827903,3,true,,"متحفّظ (أدنى نموذج ‏١٥٫٣٧ ر.س.‏): <span style=""color:var(--st-bad)"">-33.3%</span>",false,[],[],
1782670504151,٢٨‏/٦‏/٢٠٢٦، ١٠:١٩:٢٤ م (معدَّل),1010,الرياض,bank,5,2.5,8.0,8.15,12,1.05,15.42,4.88,20.22,1.5,realistic,622.7,1.2,14,0.9,"🟢
تجميع وشراء إضافي: من 19.0 إلى 21.0 ر.س 
✂️
تريم وتخفيف: من 24.0 إلى 30.0 ر.س 

🚨
متضخم مالياً ويجب تصفيته: فوق 32 ر.س",,,,,15.42,14,1.31,1.5,2.48,8.15,13,1.05,42.3,17,0.79,165,83,,,,,,,9.5,,,,,,,true,,,,,‏٢٠٫٢٧ ر.س.‏ — ‏٣٢٫١٦ ر.س.‏,المتوسط: ‏٢٦٫٢١ ر.س.‏,26.2132,✅ 22.9% هامش أمان,"[{""name"":""P/B Fair Value"",""value"":""‏٣٢٫١٦ ر.س.‏""},{""name"":""P/E Fair Value"",""value"":""‏٢٠٫٢٧ ر.س.‏""}]",,,,,,,,,,,,
1787399728506,٢٢‏/٨‏/٢٠٢٦، ١٢:٥٥:٢٨ م,1150,الإنماء,bank,6,2.5,8.0,12.68,13,1,12.58,4.5,24.86,1.9,realistic,556.9,,17.3,0.40,,,,,,12.58,17.3,1.98,1.90,1.96,12.68,13.0,1,51,13,0.96,102,99.5,,,,,,,10,4,9.5,,hold,,fcff,true,,,,,‏١٣٫٦٧ ر.س.‏ — ‏٢٥٫٤٨ ر.س.‏,المتوسط: ‏٢١٫٠٢ ر.س.‏ | تشتّت النماذج 25% (دون عتبة 30% — النماذج متوافقة) | DDM مخصوم بـ Ke = 10.00%,21.016222222222222,⚠️ 18.3% مبالغ فيه,"[{""name"":""P/B Fair Value"",""value"":""‏٢٣٫٩٠ ر.س.‏"",""raw"":23.901999999999997,""inAvg"":true},{""name"":""P/E Fair Value"",""value"":""‏٢٥٫٤٨ ر.س.‏"",""raw"":25.48,""inAvg"":true},{""name"":""DDM"",""value"":""‏١٣٫٦٧ ر.س.‏"",""raw"":13.666666666666664,""inAvg"":true}]",21.016222222222222,13.666666666666664,25.48,24.917404907444723,3,false,,"متحفّظ (أدنى نموذج ‏١٣٫٦٧ ر.س.‏): <span style=""color:var(--st-bad)"">-81.9%</span>  ·  المتوسط (‏٢١٫٠٢ ر.س.‏): <span style=""color:var(--st-bad)"">-18.3%</span>",false,[],[],
1782656088942,٢٨‏/٦‏/٢٠٢٦، ١٠:٢٣:٢٨ م (معدَّل),1150,الإنماء,bank,6,3,10,12.67,11.5,1.00,12.58,4.5,24.83,1.6,realistic,556.9,2.5,17.3,0.85,"| الطريقة                    | القيمة العادلة                 | الوزن |
| -------------------------- | ------------------------------ | ----- |
| P/B × BVPS (1.60 × 19.36)  | 30.98 ر.س                      | 40%   |
| P/E × EPS (11.5 × 1.93)    | 22.20 ر.س                      | 40%   |
| Gordon Growth (DPS / Ke−g) | 16.78 ر.س                      | 20%   |
| القيمة العادلة الموزونة    | 24.63 ر.س                      | 100%  |
| سيناريو متفائل (+10%)      | 27.09 ر.س                      | —     |
| سيناريو محتاط (−10%)       | 22.17 ر.س                      | —     |
| هامش الأمان الحالي         | −0.8% (مُقيَّم بعدالة تقريباً) | —     |",,,,,12.58,17.3,1.97,1.60,1.96,12.67,13,1.00,51,13,0.96,102,99.5,,,,,,,,,,,,,,true,,,,,‏٢٥٫٨٣ ر.س.‏ — ‏٣٠٫٩٨ ر.س.‏,المتوسط: ‏٢٨٫٤٠ ر.س.‏,28.4045,✅ 12.6% هامش أمان,"[{""name"":""P/B Fair Value"",""value"":""‏٣٠٫٩٨ ر.س.‏""},{""name"":""P/E Fair Value"",""value"":""‏٢٥٫٨٣ ر.س.‏""}]",,,,,,,,,,,,
1787403750134,٢٢‏/٨‏/٢٠٢٦، ٢:٠٢:٣٠ م,2010,سابك,cyclical,2,2,10,,14,2.20,41.18,4.5,49.50,1,realistic,64.9,2.43,1.2,0.4,,,0.50,0.35,0.91,,,,,,,,,,,,,,,,,,,,,4.0,8.0,,,,fcff,false,,,2.90,2.20,‏٢٧٫١٤ ر.س.‏ — ‏٤٠٫٦٠ ر.س.‏,المتوسط: ‏٣٢٫٨١ ر.س.‏ | تشتّت النماذج 17% (دون عتبة 30% — النماذج متوافقة) | السيناريو: واقعي | أساس التدفق: FCFF مخصوم بـ WACC 10.00% — الدين الصافي ‏٠٫٩١ ر.س.‏ مطروح | 📐 EPS مُطبَّع 2.9 بدل اللحظي 0.5 (جراهام و P/E) | 📐 FCF مُطبَّع 2.2 بدل اللحظي 0.35 (DCF),32.80861111111111,⚠️ 50.9% مبالغ فيه,"[{""name"":""DCF"",""value"":""‏٢٧٫١٤ ر.س.‏"",""raw"":27.139999999999986,""inAvg"":true},{""name"":""جراهام"",""value"":""‏٣٥٫٤٤ ر.س.‏"",""raw"":35.44444444444444,""inAvg"":true},{""name"":""مكرر الربحية P/E"",""value"":""‏٤٠٫٦٠ ر.س.‏"",""raw"":40.6,""inAvg"":true},{""name"":""جوردون"",""value"":""‏٢٨٫٠٥ ر.س.‏"",""raw"":28.05,""inAvg"":true},{""name"":""القيمة الدفترية"",""value"":""‏٤١٫١٠ ر.س.‏"",""raw"":41.1,""inAvg"":false}]",32.80861111111111,27.139999999999986,40.6,16.862721272665553,4,false,,"متحفّظ (أدنى نموذج ‏٢٧٫١٤ ر.س.‏): <span style=""color:var(--st-bad)"">-82.4%</span>  ·  المتوسط (‏٣٢٫٨١ ر.س.‏): <span style=""color:var(--st-bad)"">-50.9%</span>",false,[],[],41.1
1782657831987,٢٨‏/٦‏/٢٠٢٦، ١٠:٠٩:٣١ م (معدَّل),2010,سابك,cyclical,4,2,9.5,,14,3.00,41.18,4.8,54.34,1.20,conservative,64.9,2.5,1.2,0.62,"تجميع وشراء إضافي: 57 ريال فأقل.
تريم وتخفيف: من 63 إلى 66 ريال.
متضخم مالياً ويجب تصفيته: فوق 66 ريال.",,-0.27,2.39,0.91,,,,,,,,,,,,,,,,,,,,,,,,,,,false,,,2.90,2.20,‏٢٫٠٦ ر.س.‏ — ‏٤٩٫٥٧ ر.س.‏,المتوسط: ‏٢٢٫٦٢ ر.س.‏ | السيناريو: محتاط,22.617062056490163,⚠️ 140.3% مبالغ فيه,"[{""name"":""DCF"",""value"":""‏٢٧٫٣٥ ر.س.‏""},{""name"":""جراهام"",""value"":""‏٢٫٠٦ ر.س.‏""},{""name"":""مكرر الربحية P/E"",""value"":""‏٢٫٥٢ ر.س.‏""},{""name"":""جوردون"",""value"":""‏٣١٫٥٨ ر.س.‏""},{""name"":""القيمة الدفترية"",""value"":""‏٤٩٫٥٧ ر.س.‏""}]",,,,,,,,,,,,
1787398487568,٢٢‏/٨‏/٢٠٢٦، ١٢:٣٤:٤٧ م,2222,أرامكو السعودية,normal,3,2.5,8.5,13.2,14,1.36,6.49,4.5,26.40,3.5,realistic,49.2,2,30.8,0.40,,,2,1,0.52,,,,,,,,,,,,,,,,,,,,,4.0,8.0,,hold,,fcff,false,,,,,‏١٦٫٩٤ ر.س.‏ — ‏٢٨٫٣٦ ر.س.‏,المتوسط: ‏٢٤٫١٣ ر.س.‏ | تشتّت النماذج 19% (دون عتبة 30% — النماذج متوافقة) | السيناريو: واقعي | أساس التدفق: FCFF مخصوم بـ WACC 8.50% — الدين الصافي ‏٠٫٥٢ ر.س.‏ مطروح,24.13218344933078,⚠️ 9.4% مبالغ فيه,"[{""name"":""DCF"",""value"":""‏١٦٫٩٤ ر.س.‏"",""raw"":16.939844908434214,""inAvg"":true},{""name"":""جراهام"",""value"":""‏٢٨٫٣٦ ر.س.‏"",""raw"":28.355555555555558,""inAvg"":true},{""name"":""مكرر الربحية P/E"",""value"":""‏٢٨٫٠٠ ر.س.‏"",""raw"":28,""inAvg"":true},{""name"":""جوردون"",""value"":""‏٢٣٫٢٣ ر.س.‏"",""raw"":23.23333333333333,""inAvg"":true},{""name"":""القيمة الدفترية"",""value"":""‏٢٢٫٧٢ ر.س.‏"",""raw"":22.715,""inAvg"":false}]",24.13218344933078,16.939844908434214,28.355555555555558,19.13973045394728,4,false,,"متحفّظ (أدنى نموذج ‏١٦٫٩٤ ر.س.‏): <span style=""color:var(--st-bad)"">-55.8%</span>  ·  المتوسط (‏٢٤٫١٣ ر.س.‏): <span style=""color:var(--st-bad)"">-9.4%</span>",false,[],"[""التوزيع 1.36 يتجاوز FCF 1 — التوزيع مغطّى بالأرباح لا بالنقد""]",22.715
1782659535674,٦‏/٧‏/٢٠٢٦، ٢:٣٣:٣٣ م (معدَّل),2222,أرامكو السعودية,normal,3,2.5,8,13.3,14,1.34,6.49,4.5,26.60,3.5,realistic,49.2,2.00,30.8,0.40,"🟢
تجميع وشراء إضافي: من 24.00 إلى 25.50 ر.س 

✂️
تريم وتخفيف: من 30.00 إلى 32.00 ر.س 

🚨
متضخم مالياً ويجب تصفيته: فوق 35.0 ر.س",,2.00,1.00,0.52,,,,,,,,,,,,,,,,,,,,,,,,,,,,,,,,‏١٨٫١٢ ر.س.‏ — ‏٣٢٫٣٣ ر.س.‏,المتوسط: ‏٢٣٫٩٢ ر.س.‏ | السيناريو: واقعي,23.918319471025924,⚠️ 11.2% مبالغ فيه,"[{""name"":""DCF"",""value"":""‏٣٢٫٣٣ ر.س.‏"",""raw"":32.33452582010726},{""name"":""جراهام"",""value"":""‏٢٢٫٤٦ ر.س.‏"",""raw"":22.464344262295082},{""name"":""مكرر الربحية P/E"",""value"":""‏١٨٫١٢ ر.س.‏"",""raw"":18.12},{""name"":""جوردون"",""value"":""‏٢٤٫٩٧ ر.س.‏"",""raw"":24.972727272727273},{""name"":""القيمة الدفترية"",""value"":""‏٢١٫٧٠ ر.س.‏"",""raw"":21.7}]",,,,,,,,,,,,
1787400445190,٢٢‏/٨‏/٢٠٢٦، ١:٠٧:٢٥ م,2270,سدافكو,normal,0,2,8.5,18.6,16,16,51.74,4.5,198.60,3.2,realistic,60,1.92,20.6,0.40,,,10.66,12.65,-16.43,,,,,,,,,,,,,,,,,,,,,4.0,8.0,,hold,,fcff,false,,,,,‏٨٨٫٦٠ ر.س.‏ — ‏٢٥١٫٠٨ ر.س.‏,⚠️ التشتّت 33% — النماذج لا تتفق، لا تبنِ قراراً على رقم واحد | اختر نموذج مرساة أدناه ليُحسب عليه الهامش | (المتوسط الحسابي ‏١٧٧٫١٣ ر.س.‏ معروض للعلم فقط) | السيناريو: واقعي | أساس التدفق: FCFF مخصوم بـ WACC 8.50% — الدين الصافي ؜-‏١٦٫٤٣ ر.س.‏ مطروح  |  ⛔ فشل بوابة الاستدامة (الفلتر 1) — القيمة معروضة للعلم فقط ولا يُبنى عليها قرار شراء,177.1322805192465,⛔ خروج — فشل بوابة الاستدامة (الفلتر 1),"[{""name"":""DCF"",""value"":""‏١٩٨٫٣٠ ر.س.‏"",""raw"":198.29575455561857,""inAvg"":true},{""name"":""جراهام"",""value"":""‏٨٨٫٦٠ ر.س.‏"",""raw"":88.59644444444444,""inAvg"":true},{""name"":""مكرر الربحية P/E"",""value"":""‏١٧٠٫٥٦ ر.س.‏"",""raw"":170.56,""inAvg"":true},{""name"":""جوردون"",""value"":""‏٢٥١٫٠٨ ر.س.‏"",""raw"":251.07692307692307,""inAvg"":true},{""name"":""القيمة الدفترية"",""value"":""‏١٦٥٫٥٧ ر.س.‏"",""raw"":165.568,""inAvg"":false}]",177.1322805192465,88.59644444444444,251.07692307692307,33.15678130211081,4,true,,,true,"[""التوزيع 16 يتجاوز EPS 10.66 — نسبة توزيع فوق 100% من الأرباح (§3)""]","[""التوزيع 16 يتجاوز FCF 12.65 — التوزيع مغطّى بالأرباح لا بالنقد""]",165.568
1782659975587,٢٨‏/٦‏/٢٠٢٦، ١٠:٢١:٣٨ م (معدَّل),2270,سدافكو,normal,0,2.5,8.0,15.7,16,16,51.74,4.88,218.50,3.2,realistic,60.0,1.92,20.6,0.40,"🟢
تجميع وشراء إضافي: من 200 إلى 210 ر.س 
✂️
تريم وتخفيف: من 240 إلى 280 ر.س 

🚨
متضخم مالياً ويجب تصفيته: فوق 305 ر.س",,10.66,12.65,-16.43,,,,,,,,,,,,,,,,,,,,,,,,,,,false,,,,,‏١٩٥٫٢٠ ر.س.‏ — ‏٣٣٩٫٥٥ ر.س.‏,المتوسط: ‏٢٨٩٫٢٠ ر.س.‏ | السيناريو: واقعي,289.19850372578236,✅ 24.4% هامش أمان,"[{""name"":""DCF"",""value"":""‏٣٣٩٫٥٥ ر.س.‏""},{""name"":""جراهام"",""value"":""‏٣٢٩٫٥٩ ر.س.‏""},{""name"":""مكرر الربحية P/E"",""value"":""‏٢٨٣٫٤٨ ر.س.‏""},{""name"":""جوردون"",""value"":""‏٢٩٨٫١٨ ر.س.‏""},{""name"":""القيمة الدفترية"",""value"":""‏١٩٥٫٢٠ ر.س.‏""}]",,,,,,,,,,,,
1787403090888,٢٢‏/٨‏/٢٠٢٦، ١:٥١:٣٠ م,2284,المطاحن الحديثة,normal,8,2.5,9,9.3,16,2,⚠️ 11.15,4.5,27.40,2.6,realistic,⚠️ 40.4,,26.4,0.4,,,2.94,2.10,⚠️ 7.14,,,,,,,,,,,,,,,,,,,,,4.0,8.0,,,,fcff,false,,,,,‏٣١٫٥٤ ر.س.‏ — ‏٧٠٫٤٣ ر.س.‏,⚠️ التشتّت 32% — النماذج لا تتفق، لا تبنِ قراراً على رقم واحد | اختر نموذج مرساة أدناه ليُحسب عليه الهامش | (المتوسط الحسابي ‏٤٩٫٦٧ ر.س.‏ معروض للعلم فقط) | السيناريو: واقعي | أساس التدفق: FCFF مخصوم بـ WACC 9.00% — الدين الصافي ‏٧٫١٤ ر.س.‏ مطروح,49.669264957264964,,"[{""name"":""DCF"",""value"":""لا ينطبق"",""raw"":null,""inAvg"":true},{""name"":""جراهام"",""value"":""‏٧٠٫٤٣ ر.س.‏"",""raw"":70.42933333333333,""inAvg"":true},{""name"":""مكرر الربحية P/E"",""value"":""‏٤٧٫٠٤ ر.س.‏"",""raw"":47.04,""inAvg"":true},{""name"":""جوردون"",""value"":""‏٣١٫٥٤ ر.س.‏"",""raw"":31.538461538461533,""inAvg"":true},{""name"":""القيمة الدفترية"",""value"":""‏٢٨٫٩٩ ر.س.‏"",""raw"":28.990000000000002,""inAvg"":false}]",49.669264957264964,31.538461538461533,70.42933333333333,32.184115061775366,3,true,,"متحفّظ (أدنى نموذج ‏٣١٫٥٤ ر.س.‏): <span style=""color:var(--st-good)"">+13.1%</span>",false,[],[],28.990000000000002
1782658857292,٢٨‏/٦‏/٢٠٢٦، ٤:٠٠:٥٧ م,2284,المطاحن الحديثة,normal,7.73,2.50,8,9.83,15,2,⚠️,4.8,28.9,2.6,realistic,30,1.52,26.4 ⚠️,0.24,"🎯
تجميع وشراء إضافي: 30 ر.س وأقل 

✂️
تريم وتخفيف: من 40 إلى 46 ر.س 

🚨
متضخم ماليًا ويجب تصفيته: فوق 50 ر.س (فوق 1.8× من هدف الخروج وPB يتجاوز ~15× على القيمة الدفترية الحالية).",,2.94,2.10 ⚙️,7.14 ⚠️,,,,,,,,,,,,,,,,,,,,,,,,,,,,,,,,‏٥٫٠٤ ر.س.‏ — ‏٦٠٫٤٠ ر.س.‏,المتوسط: ‏٣٢٫٥٣ ر.س.‏ | السيناريو: واقعي,32.52541158346474,✅ 11.1% هامش أمان,"[{""name"":""DCF"",""value"":""‏١٨٫٦٧ ر.س.‏""},{""name"":""جراهام"",""value"":""‏٦٠٫٤٠ ر.س.‏""},{""name"":""مكرر الربحية P/E"",""value"":""‏٤١٫٢٥ ر.س.‏""},{""name"":""جوردون"",""value"":""‏٣٧٫٢٧ ر.س.‏""},{""name"":""القيمة الدفترية"",""value"":""‏٥٫٠٤ ر.س.‏""}]",,,,,,,,,,,,
1787567801094,٢٤‏/٨‏/٢٠٢٦، ١١:٣٦:٤١ ص (معدَّل),2310,سبكيم العالمية,cyclical,2,2,10.5,8.5,14,1,17.68,4.5,13.18,0.6,conservative,55.3,1.61,8.8,0.40,,,-2.22,-0.34,2.52,,,,,,,,,,,,,,,,,,,,,4.0,8.0,,exit,,fcff,false,,,1.55,2.20,‏٩٫٥٢ ر.س.‏ — ‏٢١٫٧٠ ر.س.‏,⚠️ التشتّت 35% — النماذج لا تتفق، لا تبنِ قراراً على رقم واحد | اختر نموذج مرساة أدناه ليُحسب عليه الهامش | (المتوسط الحسابي ‏١٥٫٦٣ ر.س.‏ معروض للعلم فقط) | السيناريو: محتاط | أساس التدفق: FCFF مخصوم بـ WACC 10.50% — الدين الصافي ‏٢٫٥٢ ر.س.‏ مطروح,15.634603174603177,,"[{""name"":""DCF"",""value"":""‏١٨٫٤٣ ر.س.‏"",""raw"":18.432380952380957,""inAvg"":true},{""name"":""جراهام"",""value"":""‏١٢٫٨٨ ر.س.‏"",""raw"":12.882222222222223,""inAvg"":true},{""name"":""مكرر الربحية P/E"",""value"":""‏٢١٫٧٠ ر.س.‏"",""raw"":21.7,""inAvg"":true},{""name"":""جوردون"",""value"":""‏٩٫٥٢ ر.س.‏"",""raw"":9.523809523809524,""inAvg"":true},{""name"":""القيمة الدفترية"",""value"":""‏١٠٫٦١ ر.س.‏"",""raw"":10.607999999999999,""inAvg"":false}]",15.634603174603177,9.523809523809524,21.7,34.94189878140005,4,true,,"متحفّظ (أدنى نموذج ‏٩٫٥٢ ر.س.‏): <span style=""color:var(--st-bad)"">-38.4%</span>",false,[],[],10.607999999999999
1782658607036,٢٨‏/٦‏/٢٠٢٦، ٣:٥٦:٤٧ م,2310,سبكيم العالمية,cyclical,2,2.0,9.5,,14,1,18.30,4.8,14.74,0.60,conservative,55.3,1.35,8.8,0.27,"تجميع وشراء إضافي: 14.50 ريال فأقل.
تريم وتخفيف: من 17.40 إلى 18.60 ريال.
متضخم ماليًا ويجب تصفيته: فوق 19.60 ريال.",,-1.76,0.88,2.52,,,,,,,,,,,,,,,,,,,,,,,,,,,,,,1.55,2.20,‏١٠٫٥٣ ر.س.‏ — ‏١٧٫٣٩ ر.س.‏,المتوسط: ‏١٣٫١٣ ر.س.‏ | السيناريو: محتاط,13.127303366903694,⚠️ 12.3% مبالغ فيه,"[{""name"":""DCF"",""value"":""‏١١٫٤٧ ر.س.‏""},{""name"":""جراهام"",""value"":""لا ينطبق""},{""name"":""مكرر الربحية P/E"",""value"":""لا ينطبق""},{""name"":""جوردون"",""value"":""‏١٠٫٥٣ ر.س.‏""},{""name"":""القيمة الدفترية"",""value"":""‏١٧٫٣٩ ر.س.‏""}]",,,,,,,,,,,,
1782670172712,٦‏/٧‏/٢٠٢٦، ٢:٣٥:١٠ م (معدَّل),3030,أسمنت السعودية,cyclical,0,2.5,8.0,11.76,15,2.00,14.03,4.5,31.04,1.3,realistic,47.9,1.49,18.8,0.40,"🟢
تجميع وشراء إضافي: من 29.0 إلى 32.0 ر.س 
✂️
تريم وتخفيف: من 38.0 إلى 45.0 ر.س (

🚨
متضخم مالياً ويجب تصفيته: فوق 48 ر.س",,2.64,3.4,2.02,,,,,,,,,,,,,,,,,,,,,,,,exit,,,,,,2.80,2.60,‏٢٩٫٠٠ ر.س.‏ — ‏٦٥٫٢١ ر.س.‏,المتوسط: ‏٤١٫٧٨ ر.س.‏ | السيناريو: واقعي,41.778120499809674,✅ 25.8% هامش أمان,"[{""name"":""DCF"",""value"":""‏٦٥٫٢١ ر.س.‏"",""raw"":65.20748029338515},{""name"":""جراهام"",""value"":""‏٣٢٫٨٤ ر.س.‏"",""raw"":32.84221311475411},{""name"":""مكرر الربحية P/E"",""value"":""‏٣٥٫٢٥ ر.س.‏"",""raw"":35.25},{""name"":""جوردون"",""value"":""‏٤٦٫٥٩ ر.س.‏"",""raw"":46.59090909090909},{""name"":""القيمة الدفترية"",""value"":""‏٢٩٫٠٠ ر.س.‏"",""raw"":29}]",,,,,,,,,,,,
1787402211829,٢٢‏/٨‏/٢٠٢٦، ١:٣٦:٥١ م,3040,أسمنت القصيم,cyclical,0,2,8.5,20.4,15,3.20,23.71,4.5,43.32,1.60,realistic,17.8,4.96,9.3,0.40,,,2.20,3.56,-3.56,,,,,,,,,,,,,,,,,,,,,4.0,8.0,,hold,,fcff,false,,,2.66,3.20,‏١٨٫٢٨ ر.س.‏ — ‏٥٤٫٧٤ ر.س.‏,⚠️ التشتّت 37% — النماذج لا تتفق، لا تبنِ قراراً على رقم واحد | اختر نموذج مرساة أدناه ليُحسب عليه الهامش | (المتوسط الحسابي ‏٣٩٫٠٦ ر.س.‏ معروض للعلم فقط) | السيناريو: واقعي | أساس التدفق: FCFF مخصوم بـ WACC 8.50% — الدين الصافي ؜-‏٣٫٥٦ ر.س.‏ مطروح  |  ⛔ فشل بوابة الاستدامة (الفلتر 1) — القيمة معروضة للعلم فقط ولا يُبنى عليها قرار شراء,39.060255411558096,⛔ خروج — فشل بوابة الاستدامة (الفلتر 1),"[{""name"":""DCF"",""value"":""‏٥٤٫٧٤ ر.س.‏"",""raw"":54.74119258640333,""inAvg"":true},{""name"":""جراهام"",""value"":""‏١٨٫٢٨ ر.س.‏"",""raw"":18.284444444444446,""inAvg"":true},{""name"":""مكرر الربحية P/E"",""value"":""‏٣٣٫٠٠ ر.س.‏"",""raw"":33,""inAvg"":true},{""name"":""جوردون"",""value"":""‏٥٠٫٢٢ ر.س.‏"",""raw"":50.215384615384615,""inAvg"":true},{""name"":""القيمة الدفترية"",""value"":""‏٣٧٫٩٤ ر.س.‏"",""raw"":37.936,""inAvg"":false}]",39.060255411558096,18.284444444444446,54.74119258640333,37.07110950189533,4,true,,,true,"[""التوزيع 3.2 يتجاوز EPS 2.2 — نسبة توزيع فوق 100% من الأرباح (§3)""]",[],37.936
1782660224098,٦‏/٧‏/٢٠٢٦، ٢:٣٤:٢٠ م (معدَّل),3040,أسمنت القصيم,cyclical,4,2.5,8.0,20.6,14.5,3.20,23.71,4.5,43.32,1.8,realistic,17.8,4.96,9.3,0.45,"🟢
تجميع وشراء إضافي: من 41.0 إلى 42.5 ر.س 

✂️
تريم وتخفيف: من 47.0 إلى 53.0 ر.س

🚨
متضخم مالياً ويجب تصفيته: فوق 55 ر.س",,2.20,3.56,-3.56,,,,,,,,,,,,,,,,,,,,,,,,,,,false,,,2.66,3.20,‏٣١٫٦١ ر.س.‏ — ‏٥٩٫٦٤ ر.س.‏,المتوسط: ‏٤٤٫٩٢ ر.س.‏ | السيناريو: واقعي,44.9192102732264,⚠️ 0.1% مبالغ فيه,"[{""name"":""DCF"",""value"":""‏٥٧٫٧٢ ر.س.‏"",""raw"":57.71772051665357},{""name"":""جراهام"",""value"":""‏٣٢٫٤٣ ر.س.‏"",""raw"":32.43196721311476},{""name"":""مكرر الربحية P/E"",""value"":""‏٣١٫٦١ ر.س.‏"",""raw"":31.610000000000003},{""name"":""جوردون"",""value"":""‏٥٩٫٦٤ ر.س.‏"",""raw"":59.63636363636363},{""name"":""القيمة الدفترية"",""value"":""‏٤٣٫٢٠ ر.س.‏"",""raw"":43.2}]",,,,,,,,,,,,
1787403546280,٢٢‏/٨‏/٢٠٢٦، ١:٥٩:٠٦ م,4001,أسواق ع العثيم,normal,0,2,10,,16,0.24,1.25,4.5,4.95,0.7,realistic,564.4,⚠️ 0.55,-9.5,0.4,,,-0.12,-0.08,2.09,,,,,,,,,,,,,,,,,,,,,4.0,8.0,,exit,,fcff,false,,,,,‏٣٫٠٦ ر.س.‏,المتوسط: ‏٣٫٠٦ ر.س.‏ | السيناريو: واقعي | أساس التدفق: FCFF مخصوم بـ WACC 10.00% — الدين الصافي ‏٢٫٠٩ ر.س.‏ مطروح  |  ⛔ فشل بوابة الاستدامة (الفلتر 1) — القيمة معروضة للعلم فقط ولا يُبنى عليها قرار شراء,3.0599999999999996,⛔ خروج — فشل بوابة الاستدامة (الفلتر 1),"[{""name"":""DCF"",""value"":""لا ينطبق"",""raw"":null,""inAvg"":true},{""name"":""جراهام"",""value"":""لا ينطبق"",""raw"":null,""inAvg"":true},{""name"":""مكرر الربحية P/E"",""value"":""لا ينطبق"",""raw"":null,""inAvg"":true},{""name"":""جوردون"",""value"":""‏٣٫٠٦ ر.س.‏"",""raw"":3.0599999999999996,""inAvg"":true},{""name"":""القيمة الدفترية"",""value"":""‏٠٫٨٨ ر.س.‏"",""raw"":0.875,""inAvg"":false}]",3.0599999999999996,3.0599999999999996,3.0599999999999996,0,1,false,,,true,"[""EPS غير موجب (-0.12) — الشركة خاسرة""]","[""التوزيع 0.24 يتجاوز FCF 0.000001 — التوزيع مغطّى بالأرباح لا بالنقد""]",0.875
1782659297288,٢٨‏/٦‏/٢٠٢٦، ١٠:٠٧:١٩ م (معدَّل),4001,أسواق ع العثيم,normal,0,2.5,8,,13,0.24,1.25,4.88,5.89,0.7,realistic,564.4,1.5,-9.5,0.22,"🟢
تجميع وشراء إضافي: من 5.50 إلى 5.80 ر.س 

✂️
تريم وتخفيف: من 7.50 إلى 8.50 ر.س 

🚨
متضخم مالياً ويجب تصفيته: فوق 9.0 ر.س (عندها السهم يتداول على P/E > 35× وP/B > 6× مع عائد توزيعات أقل من 5%، ما يجعله بعيدًا عن معاييرك في ثروه لسهم توزيعي دفاعي).",,-0.06,0.94,2.09,,,,,,,,,,,,,,,,,,,,,,,,,,,,,,,,‏٣٫٥٤ ر.س.‏ — ‏١٩٫٥٧ ر.س.‏,المتوسط: ‏٩٫١٧ ر.س.‏ | السيناريو: واقعي,9.173047102590424,✅ 35.8% هامش أمان,"[{""name"":""DCF"",""value"":""‏١٩٫٥٧ ر.س.‏""},{""name"":""جراهام"",""value"":""‏٨٫٨٦ ر.س.‏""},{""name"":""مكرر الربحية P/E"",""value"":""‏٥٫٣٣ ر.س.‏""},{""name"":""جوردون"",""value"":""‏٨٫٥٧ ر.س.‏""},{""name"":""القيمة الدفترية"",""value"":""‏٣٫٥٤ ر.س.‏""}]",,,,,,,,,,,,
1782659057856,٢٨‏/٦‏/٢٠٢٦، ١٠:٢٢:٢٢ م (معدَّل),4002,المواساة,normal,8,3.0,9.0,15.6,20,2.25 ⚠️,20.56,4.5,64.40,3,realistic,60.9,1.6,20.1,0.39,"🎯
تجميع وشراء إضافي: من 63 إلى 65 ر.س 
✂️
تريم وتخفيف: من 80 إلى 90 ر.س 

🚨
متضخم مالياً ويجب تصفيته: فوق 95 ر.س (فوق القيمة العادلة اليدوية + PB يتجاوز 5× تقريبًا، ومضاعفات ربحية > 25×).",,4.12,4.00,4.75,,,,,,,,,,,,,,,,,,,,,,,,,,,,,,,,‏٣٩٫٥١ ر.س.‏ — ‏١٤٨٫٨٨ ر.س.‏,المتوسط: ‏٨٢٫٥٧ ر.س.‏ | السيناريو: واقعي,82.56635245368344,✅ 23.5% هامش أمان,"[{""name"":""DCF"",""value"":""‏١٤٨٫٨٨ ر.س.‏""},{""name"":""جراهام"",""value"":""‏٩٤٫١٩ ر.س.‏""},{""name"":""مكرر الربحية P/E"",""value"":""‏٧٣٫٩٨ ر.س.‏""},{""name"":""جوردون"",""value"":""‏٣٩٫٥١ ر.س.‏""},{""name"":""القيمة الدفترية"",""value"":""‏٥٦٫٢٨ ر.س.‏""}]",,,,,,,,,,,,
1787400632769,٢٢‏/٨‏/٢٠٢٦، ١:١٠:٣٢ م,4164,النهدي,normal,3,2.5,9,13.5,15,5.60,19.32,4.5,93.60,4.5,realistic,171.3,1.28,35.9,0.4,,,6.94,12.53,9.45,,,,,,,,,,,,,,,,,,,,,4.0,8.0,,hold,,fcff,false,,,,,‏٨٨٫٣١ ر.س.‏ — ‏١٩٢٫٤٦ ر.س.‏,⚠️ التشتّت 35% — النماذج لا تتفق، لا تبنِ قراراً على رقم واحد | اختر نموذج مرساة أدناه ليُحسب عليه الهامش | (المتوسط الحسابي ‏١٢٠٫٨١ ر.س.‏ معروض للعلم فقط) | السيناريو: واقعي | أساس التدفق: FCFF مخصوم بـ WACC 9.00% — الدين الصافي ‏٩٫٤٥ ر.س.‏ مطروح,120.81425373001238,,"[{""name"":""DCF"",""value"":""‏١٩٢٫٤٦ ر.س.‏"",""raw"":192.45554483457943,""inAvg"":true},{""name"":""جراهام"",""value"":""‏٩٨٫٣٩ ر.س.‏"",""raw"":98.3937777777778,""inAvg"":true},{""name"":""مكرر الربحية P/E"",""value"":""‏١٠٤٫١٠ ر.س.‏"",""raw"":104.10000000000001,""inAvg"":true},{""name"":""جوردون"",""value"":""‏٨٨٫٣١ ر.س.‏"",""raw"":88.30769230769229,""inAvg"":true},{""name"":""القيمة الدفترية"",""value"":""‏٨٦٫٩٤ ر.س.‏"",""raw"":86.94,""inAvg"":false}]",120.81425373001238,88.30769230769229,192.45554483457943,34.55456649117167,4,true,,"متحفّظ (أدنى نموذج ‏٨٨٫٣١ ر.س.‏): <span style=""color:var(--st-bad)"">-6.0%</span>",false,[],[],86.94
1782670758361,٢٨‏/٦‏/٢٠٢٦، ٧:١٩:١٨ م,4164,النهدي,normal,3,2.5,8.0,13.5,15,5.6,19.32,4.88,94,4.8,realistic,171.3,1.28,35.9,0.25,"🟢
تجميع وشراء إضافي: من 88 إلى 96 ر.س 

✂️
تريم وتخفيف: من 115 إلى 135 ر.س

🚨
متضخم مالياً ويجب تصفيته: فوق 150 ر.س",,6.94,12.53,9.45,,,,,,,,,,,,,,,,,,,,,,,,,,,false,,,,,‏٩٣٫٦٠ ر.س.‏ — ‏١٤٠٫٨٨ ر.س.‏,المتوسط: ‏١١٠٫٩٨ ر.س.‏ | السيناريو: واقعي,110.97991284224528,✅ 15.3% هامش أمان,"[{""name"":""DCF"",""value"":""‏١٠٣٫٥٥ ر.س.‏""},{""name"":""جراهام"",""value"":""‏١٤٠٫٨٨ ر.س.‏""},{""name"":""مكرر الربحية P/E"",""value"":""‏١١٢٫٥٠ ر.س.‏""},{""name"":""جوردون"",""value"":""‏١٠٤٫٣٦ ر.س.‏""},{""name"":""القيمة الدفترية"",""value"":""‏٩٣٫٦٠ ر.س.‏""}]",,,,,,,,,,,,
1787401215341,٢٢‏/٨‏/٢٠٢٦، ١:٢٠:١٥ م,4321,سينومي سنترز,normal,0,2,10,148 ⚠️,12,1.5,3.39,4.5,16.28,1,realistic,118,1.52,7.3,0.40,,,0.11,-0.21,3.62,,,,,,,,,,,,,,,,,,,,,4.0,8.0,,exit,,fcff,false,,,,,‏٠٫٩١ ر.س.‏ — ‏١٩٫١٣ ر.س.‏,⚠️ التشتّت 119% — النماذج لا تتفق، لا تبنِ قراراً على رقم واحد | اختر نموذج مرساة أدناه ليُحسب عليه الهامش | (المتوسط الحسابي ‏٧٫١٢ ر.س.‏ معروض للعلم فقط) | السيناريو: واقعي | أساس التدفق: FCFF مخصوم بـ WACC 10.00% — الدين الصافي ‏٣٫٦٢ ر.س.‏ مطروح  |  ⛔ فشل بوابة الاستدامة (الفلتر 1) — القيمة معروضة للعلم فقط ولا يُبنى عليها قرار شراء,7.119740740740741,⛔ خروج — فشل بوابة الاستدامة (الفلتر 1),"[{""name"":""DCF"",""value"":""لا ينطبق"",""raw"":null,""inAvg"":true},{""name"":""جراهام"",""value"":""‏٠٫٩١ ر.س.‏"",""raw"":0.9142222222222224,""inAvg"":true},{""name"":""مكرر الربحية P/E"",""value"":""‏١٫٣٢ ر.س.‏"",""raw"":1.32,""inAvg"":true},{""name"":""جوردون"",""value"":""‏١٩٫١٣ ر.س.‏"",""raw"":19.125,""inAvg"":true},{""name"":""القيمة الدفترية"",""value"":""‏٣٫٣٩ ر.س.‏"",""raw"":3.39,""inAvg"":false}]",7.119740740740741,0.9142222222222224,19.125,119.25457330266774,3,true,,,true,"[""التوزيع 1.5 يتجاوز EPS 0.11 — نسبة توزيع فوق 100% من الأرباح (§3)""]",[],3.39
1782671980838,٢٨‏/٦‏/٢٠٢٦، ٩:٥٣:٥٧ م (معدَّل),4321,سينومي سنترز,normal,0,2.5,8.0,6.2,12,1.50,3.39,4.88,17.09,1.0,realistic,118,1.52,7.3,0.50,"تجميع وشراء اضافي : 17.00 ر.س
تريم وتخفيف : 21.00 – 23.00 ر.س
متضخم ماليا ويجب تصفيته : 24.50 ر.س وما فوق",,0.11,-0.21,3.62,,,,,,,,,,,,,,,,,,,,,,,,,,,,,,,,‏٢٢٫٩٩ ر.س.‏ — ‏٥٩٫٥١ ر.س.‏,المتوسط: ‏٣٩٫٤٠ ر.س.‏ | السيناريو: واقعي,39.39790047076893,✅ 56.6% هامش أمان,"[{""name"":""DCF"",""value"":""‏٢٢٫٩٩ ر.س.‏""},{""name"":""جراهام"",""value"":""‏٥٩٫٥١ ر.س.‏""},{""name"":""مكرر الربحية P/E"",""value"":""‏٤٧٫٥٢ ر.س.‏""},{""name"":""جوردون"",""value"":""‏٢٧٫٩٥ ر.س.‏""},{""name"":""القيمة الدفترية"",""value"":""‏٣٩٫٠١ ر.س.‏""}]",,,,,,,,,,,,
1782671744789,١٦‏/٧‏/٢٠٢٦، ١٢:٠٨:٤٨ م (معدَّل),4333,تعليم ريت,reit,3,2.5,8,15.7,18.0,0.70,10.8252,4.88,10.48,1.2,realistic,56.6,,7.2,0.24,"تجميع وشراء اضافي : 9.40 ر.س
تريم وتخفيف : 10.80 – 11.60 ر.س
متضخم ماليا ويجب تصفيته : 12.40 ر.س وما فوق",,,,,,,,,,,,,,,,,,761913875,51000000,0.863,12,8.3,297481451,,,,,,,,,63010764,,,,‏٨٫٤١ ر.س.‏,القيمة العادلة (‏٨٫٤١ ر.س.‏) = متوسط 2 طرق: NAV للوحدة = ‏٨٫٩٠ ر.س.‏  ·  تقييم P/FFO = ‏٧٫٩٢ ر.س.‏  |  عائد FFO الحالي = 6.14%,8.408903764705883,⚠️ 27.8% مبالغ فيه,"[{""name"":""NAV للوحدة"",""value"":""‏٨٫٩٠ ر.س.‏"",""raw"":8.897807529411764},{""name"":""مضاعف P/FFO"",""value"":""‏٧٫٩٢ ر.س.‏"",""raw"":7.92},{""name"":""Cap Rate (مرجع)"",""value"":""‏٨٫٢٥ ر.س.‏"",""raw"":8.25}]",,,,,,,,,,,,
1787402898088,٢٢‏/٨‏/٢٠٢٦، ١:٤٨:١٨ م,4333,تعليم ريت,reit,3,2.5,8,13.5,16,0.70,10.82,4.5,10.48,1.05,realistic,56.6,,7.2,0.2,,,,,,,,,,,,,,,,,,,761913875,51000000,0.863,13,8.3,297481451,,4.0,8.0,,hold,,,,63010764,false,,,‏٩٫١١ ر.س.‏ — ‏١٣٫٠٥ ر.س.‏,المتوسط: ‏١١٫١٢ ر.س.‏ | تشتّت النماذج 14% (دون عتبة 30% — النماذج متوافقة) | عائد FFO الحالي = 8.23%,11.123657554367199,✅ 5.8% هامش أمان,"[{""name"":""NAV للوحدة"",""value"":""‏٩٫١١ ر.س.‏"",""raw"":9.10651811764706,""inAvg"":true},{""name"":""مضاعف P/FFO"",""value"":""‏١١٫٢٢ ر.س.‏"",""raw"":11.219,""inAvg"":true},{""name"":""DDM"",""value"":""‏١٣٫٠٥ ر.س.‏"",""raw"":13.045454545454543,""inAvg"":true},{""name"":""Cap Rate (مرجع)"",""value"":""‏٩٫٠٥ ر.س.‏"",""raw"":9.052634908339238,""inAvg"":false}]",11.123657554367199,9.10651811764706,13.045454545454543,14.468951896790507,3,false,,"متحفّظ (أدنى نموذج ‏٩٫١١ ر.س.‏): <span style=""color:var(--st-bad)"">-15.1%</span>  ·  المتوسط (‏١١٫١٢ ر.س.‏): <span style=""color:var(--st-good)"">+5.8%</span>",false,[],[],
1782671047334,١٦‏/٧‏/٢٠٢٦، ١٢:١٤:٢٦ م (معدَّل),4342,جدوى ريت السعودية,reit,0,2,8.0,19.8,16,0.80,8.71,4.88,9.88,1.35,realistic,29.9,5.43,5.7,0.30,"🟢
تجميع وشراء إضافي: من 10.0 إلى 11.0 ر.س 

✂️
تريم وتخفيف: من 12.5 إلى 14.5 ر.س 
🚨
متضخم مالياً ويجب تصفيته: فوق 15.5 ر.س",,,,,,,,,,,,,,,,,,1986176135,186509785,0.688,12,7.5,462500000,,,,,,,,,149200620,,,,‏٨٫٨٧ ر.س.‏,القيمة العادلة (‏٨٫٨٧ ر.س.‏) = متوسط 2 طرق: NAV للوحدة = ‏٨٫٧٣ ر.س.‏  ·  تقييم P/FFO = ‏٩٫٠٠ ر.س.‏  |  عائد FFO الحالي = 6.78%,8.866500127593842,⚠️ 24.9% مبالغ فيه,"[{""name"":""NAV للوحدة"",""value"":""‏٨٫٧٣ ر.س.‏"",""raw"":8.733000255187683},{""name"":""مضاعف P/FFO"",""value"":""‏٩٫٠٠ ر.س.‏"",""raw"":9},{""name"":""Cap Rate (مرجع)"",""value"":""‏١٠٫٥٦ ر.س.‏"",""raw"":10.563380281690142}]",,,,,,,,,,,,
1787402741112,٢٢‏/٨‏/٢٠٢٦، ١:٤٥:٤١ م,4342,جدوى ريت السعودية,reit,0,2,8,19.8,16,0.8,8.71,4.5,9.88,1.2,realistic,29.9,5.43,5.7,0.2,,,,,,,,,,,,,,,,,,,1986176135,186509785,0.688,13,7.5,462500000,,4.0,8.0,,hold,,,,149200620,false,,,‏٨٫١٧ ر.س.‏ — ‏١٣٫٦٠ ر.س.‏,المتوسط: ‏١٠٫٢٤ ر.س.‏ | تشتّت النماذج 23% (دون عتبة 30% — النماذج متوافقة) | عائد FFO الحالي = 6.96%  |  ⛔ فشل بوابة الاستدامة (الفلتر 1) — القيمة معروضة للعلم فقط ولا يُبنى عليها قرار شراء,10.23780553576139,⛔ خروج — فشل بوابة الاستدامة (الفلتر 1),"[{""name"":""NAV للوحدة"",""value"":""‏٨٫١٧ ر.س.‏"",""raw"":8.16941660728417,""inAvg"":true},{""name"":""مضاعف P/FFO"",""value"":""‏٨٫٩٤ ر.س.‏"",""raw"":8.943999999999999,""inAvg"":true},{""name"":""DDM"",""value"":""‏١٣٫٦٠ ر.س.‏"",""raw"":13.600000000000001,""inAvg"":true},{""name"":""Cap Rate (مرجع)"",""value"":""‏٨٫١٩ ر.س.‏"",""raw"":8.186388719498014,""inAvg"":false}]",10.23780553576139,8.16941660728417,13.600000000000001,23.426589643533468,3,false,,,true,"[""التوزيع 0.8 يتجاوز FFO 0.688 للوحدة — التوزيع غير مغطّى بالمقياس الصحيح للريت (§3)""]",[],
1787403232422,٢٢‏/٨‏/٢٠٢٦، ١:٥٣:٥٢ م,4348,الخبير ريت,reit,0,0,9,21.8,16,0.42,7.18,4.5,5.62,0.8,realistic,64.6,0.97,3.6,0.2,,,,,,,,,,,,,,,,,,,1612780828,141008848,0.55,11,6.2,599690346,,4.0,8.0,,exit,,,,100347960,false,,,‏٤٫٦٧ ر.س.‏ — ‏٧٫١٨ ر.س.‏,المتوسط: ‏٥٫٩٧ ر.س.‏ | تشتّت النماذج 17% (دون عتبة 30% — النماذج متوافقة) | عائد FFO الحالي = 9.79%,5.967084900153846,✅ 5.8% هامش أمان,"[{""name"":""NAV للوحدة"",""value"":""‏٧٫١٨ ر.س.‏"",""raw"":7.184588033794872,""inAvg"":true},{""name"":""مضاعف P/FFO"",""value"":""‏٦٫٠٥ ر.س.‏"",""raw"":6.050000000000001,""inAvg"":true},{""name"":""DDM"",""value"":""‏٤٫٦٧ ر.س.‏"",""raw"":4.666666666666667,""inAvg"":true},{""name"":""Cap Rate (مرجع)"",""value"":""‏٧٫٢٣ ر.س.‏"",""raw"":7.2252567999915005,""inAvg"":false}]",5.967084900153846,4.666666666666667,7.184588033794872,17.254786389053063,3,false,,"متحفّظ (أدنى نموذج ‏٤٫٦٧ ر.س.‏): <span style=""color:var(--st-bad)"">-20.4%</span>  ·  المتوسط (‏٥٫٩٧ ر.س.‏): <span style=""color:var(--st-good)"">+5.8%</span>",false,[],[],
1782672237975,٢٨‏/٦‏/٢٠٢٦، ١٠:١٨:٣٨ م (معدَّل),4348,الخبير ريت,reit,-5,0,8.0,27,18,0.42,7.1806,4.88,5.73,1.1,realistic,64.6,0.97,3.6,0.20,"تجميع وشراء اضافي : 5.20 ر.س
تريم وتخفيف : 6.20 – 6.80 ر.س
متضخم ماليا ويجب تصفيته : 7.40 ر.س وما فوق",,,,,,,,,,,,,,,,,,1612780828,141008848,0.550,11,6.2,599690346,,,,,,,,,100347960,,,,‏٥٫٥١ ر.س.‏,القيمة العادلة (‏٥٫٥١ ر.س.‏) = متوسط 2 طرق: NAV للوحدة = ‏٧٫٨٢ ر.س.‏  ·  تقييم P/FFO = ‏٣٫١٩ ر.س.‏  |  عائد FFO الحالي = 4.64%,5.50529721296362,⚠️ 4.1% مبالغ فيه,"[{""name"":""NAV للوحدة"",""value"":""‏٧٫٨٢ ر.س.‏""},{""name"":""مضاعف P/FFO"",""value"":""‏٣٫١٩ ر.س.‏""},{""name"":""Cap Rate (مرجع)"",""value"":""‏٣٫٣٣ ر.س.‏""}]",,,,,,,,,,,,
1787400808017,٢٢‏/٨‏/٢٠٢٦، ١:١٣:٢٨ م,5110,كهرباء السعودية,normal,0,2,7.5,16,14,0.70,22.49,4.5,16.96,0.9,realistic,161.6,0.53,14.3,0.40,,,1.06,-9.49,55.60,,,,,,,,,,,,,,,,,,,,,4.0,8.0,,hold,,fcff,false,,,,,‏٨٫٨١ ر.س.‏ — ‏١٤٫٨٤ ر.س.‏,المتوسط: ‏١٢٫٢١ ر.س.‏ | تشتّت النماذج 21% (دون عتبة 30% — النماذج متوافقة) | السيناريو: واقعي | أساس التدفق: FCFF مخصوم بـ WACC 7.50% — الدين الصافي ‏٥٥٫٦٠ ر.س.‏ مطروح,12.210531986531988,⚠️ 38.9% مبالغ فيه,"[{""name"":""DCF"",""value"":""لا ينطبق"",""raw"":null,""inAvg"":true},{""name"":""جراهام"",""value"":""‏٨٫٨١ ر.س.‏"",""raw"":8.809777777777779,""inAvg"":true},{""name"":""مكرر الربحية P/E"",""value"":""‏١٤٫٨٤ ر.س.‏"",""raw"":14.84,""inAvg"":true},{""name"":""جوردون"",""value"":""‏١٢٫٩٨ ر.س.‏"",""raw"":12.981818181818182,""inAvg"":true},{""name"":""القيمة الدفترية"",""value"":""‏٢٠٫٢٤ ر.س.‏"",""raw"":20.241,""inAvg"":false}]",12.210531986531988,8.809777777777779,14.84,20.65032873472213,3,false,,"متحفّظ (أدنى نموذج ‏٨٫٨١ ر.س.‏): <span style=""color:var(--st-bad)"">-92.5%</span>  ·  المتوسط (‏١٢٫٢١ ر.س.‏): <span style=""color:var(--st-bad)"">-38.9%</span>",false,[],[],20.241
1782659766699,٢٨‏/٦‏/٢٠٢٦، ١٠:٠٦:١٢ م (معدَّل),5110,كهرباء السعودية,normal,0,2.5,8,15.6,14.5,0.70,22.49,4.88,16.96,0.9,realistic,161.6,0.53,14.3,0.40,"🟢
تجميع وشراء إضافي: من 12.50 إلى 14.00 ر.س 

✂️
تريم وتخفيف: من 17.50 إلى 19.00 ر.س 

🚨
متضخم مالياً ويجب تصفيته: فوق 22.5 ر.س",,1.06,-9.49,55.60,,,,,,,,,,,,,,,,,,,,,,,,,,,,,,,,‏١٣٫٠٥ ر.س.‏ — ‏١٨٫١٥ ر.س.‏,المتوسط: ‏١٦٫٣٥ ر.س.‏ | السيناريو: واقعي,16.353986587183307,⚠️ 9.8% مبالغ فيه,"[{""name"":""DCF"",""value"":""لا ينطبق""},{""name"":""جراهام"",""value"":""‏١٨٫١٥ ر.س.‏""},{""name"":""مكرر الربحية P/E"",""value"":""‏١٦٫٦٧ ر.س.‏""},{""name"":""جوردون"",""value"":""‏١٣٫٠٥ ر.س.‏""},{""name"":""القيمة الدفترية"",""value"":""‏١٧٫٥٥ ر.س.‏""}]",,,,,,,,,,,,
1787399046644,٢٢‏/٨‏/٢٠٢٦، ١٢:٤٤:٠٦ م,7010,اس تي سي,normal,4,2.5,8,15.0,16,2.20,17,4.5,44.14,2.6,realistic,90.4,1.63,17.2,0.4,,,2.94,2.38,1.16,,,,,,,,,,,,,,,,,,,,,4.0,8.0,,accumulate,,fcff,false,,,,,‏٤١٫٠٠ ر.س.‏ — ‏٤٧٫٤٣ ر.س.‏,المتوسط: ‏٤٥٫٤٢ ر.س.‏ | تشتّت النماذج 6% (دون عتبة 30% — النماذج متوافقة) | السيناريو: واقعي | أساس التدفق: FCFF مخصوم بـ WACC 8.00% — الدين الصافي ‏١٫١٦ ر.س.‏ مطروح,45.42008403703754,✅ 2.8% هامش أمان,"[{""name"":""DCF"",""value"":""‏٤٦٫٢١ ر.س.‏"",""raw"":46.20833614815017,""inAvg"":true},{""name"":""جراهام"",""value"":""‏٤٧٫٤٣ ر.س.‏"",""raw"":47.432,""inAvg"":true},{""name"":""مكرر الربحية P/E"",""value"":""‏٤٧٫٠٤ ر.س.‏"",""raw"":47.04,""inAvg"":true},{""name"":""جوردون"",""value"":""‏٤١٫٠٠ ر.س.‏"",""raw"":41,""inAvg"":true},{""name"":""القيمة الدفترية"",""value"":""‏٤٤٫٢٠ ر.س.‏"",""raw"":44.2,""inAvg"":false}]",45.42008403703754,41,47.432,5.702112600046036,4,false,,"متحفّظ (أدنى نموذج ‏٤١٫٠٠ ر.س.‏): <span style=""color:var(--st-bad)"">-7.7%</span>  ·  المتوسط (‏٤٥٫٤٢ ر.س.‏): <span style=""color:var(--st-good)"">+2.8%</span>",false,[],[],44.2
1782657124809,٢٨‏/٦‏/٢٠٢٦، ٣:٣٢:٠٤ م,7010,اس تي سي,normal,4,2.5,8.5,14.34,16,2.20,17.00,4.8,42.15,2.6,realistic,90.4,1.63,17.22,0.40,"📥 تجميع وشراء إضافي: 41.00
✂️ تريم وتخفيف: 52.00 - 56.00
🚨 متضخم ماليًا ويجب تصفيته: 57.00",,2.94,2.38,1.16,,,,,,,,,,,,,,,,,,,,,,,,,,,false,,,,,‏٤١٫٢٠ ر.س.‏ — ‏٦٠٫٦٧ ر.س.‏,المتوسط: ‏٥٠٫٧١ ر.س.‏ | السيناريو: واقعي,50.70973752863982,✅ 16.9% هامش أمان,"[{""name"":""DCF"",""value"":""‏٦٠٫٦٧ ر.س.‏""},{""name"":""جراهام"",""value"":""‏٥٠٫٧١ ر.س.‏""},{""name"":""مكرر الربحية P/E"",""value"":""‏٥٦٫٩٠ ر.س.‏""},{""name"":""جوردون"",""value"":""‏٤١٫٢٠ ر.س.‏""},{""name"":""القيمة الدفترية"",""value"":""‏٤٤٫٠٧ ر.س.‏""}]",,,,,,,,,,,,
1787400980840,٢٢‏/٨‏/٢٠٢٦، ١:١٦:٢٠ م,7202,سلوشنز,normal,8,3,9.5,14.8,18,8,34.59,4.5,204.40,5.5,realistic,199.4,1.43,39.7,0.40,,,13.84,7.54,-5.19,,,,,,,,,,,,,,,,,,,,,4.0,8.0,مكرر الربحية P/E,accumulate,,fcff,false,,,,,‏١٢٦٫٧٧ ر.س.‏ — ‏٣٣١٫٥٤ ر.س.‏,⚠️ التشتّت 38% — النماذج لا تتفق، لا تبنِ قراراً على رقم واحد | ⚓ نموذج المرساة: مكرر الربحية P/E = ‏٢٤٩٫١٢ ر.س.‏ | (المتوسط الحسابي ‏٢١٥٫٠٨ ر.س.‏ معروض للعلم فقط) | السيناريو: واقعي | أساس التدفق: FCFF مخصوم بـ WACC 9.50% — الدين الصافي ؜-‏٥٫١٩ ر.س.‏ مطروح,249.12,✅ 18.0% هامش أمان,"[{""name"":""DCF"",""value"":""‏١٥٢٫٨٩ ر.س.‏"",""raw"":152.8862889525447,""inAvg"":true},{""name"":""جراهام"",""value"":""‏٣٣١٫٥٤ ر.س.‏"",""raw"":331.54488888888886,""inAvg"":true},{""name"":""مكرر الربحية P/E"",""value"":""‏٢٤٩٫١٢ ر.س.‏"",""raw"":249.12,""inAvg"":true},{""name"":""جوردون"",""value"":""‏١٢٦٫٧٧ ر.س.‏"",""raw"":126.76923076923077,""inAvg"":true},{""name"":""القيمة الدفترية"",""value"":""‏١٩٠٫٢٥ ر.س.‏"",""raw"":190.245,""inAvg"":false}]",215.0801021526661,126.76923076923077,331.54488888888886,37.76474150014355,4,false,مكرر الربحية P/E,"متحفّظ (أدنى نموذج ‏١٢٦٫٧٧ ر.س.‏): <span style=""color:var(--st-bad)"">-61.2%</span>  ·  المرساة (‏٢٤٩٫١٢ ر.س.‏): <span style=""color:var(--st-good)"">+18.0%</span>",false,[],"[""التوزيع 8 يتجاوز FCF 7.54 — التوزيع مغطّى بالأرباح لا بالنقد""]",190.245
1783339445270,٦‏/٧‏/٢٠٢٦، ٥:١٠:٤٩ م (معدَّل),7202,سلوشنز,normal,8,3,9,14.45,18,8,34.59,4.88,200,5.2,realistic,199.4,1.43,39.7,0.40,"تجميع وشراء اضافي : ≤ 200 ر.س
تريم وتخفيف : 230 ر.س
متضخم ماليا ويجب تصفيته : ≥ 270 ر.س",,13.84,7.54,-5.19,,,,,,,,,,,,,,,,,,,,,,,مكرر الربحية P/E,,,,,,,,,‏١٣٧٫٣٣ ر.س.‏ — ‏٣٣٠٫٧١ ر.س.‏,المتوسط: ‏٢٤١٫١٩ ر.س.‏ | السيناريو: واقعي,241.19479997860094,✅ 17.1% هامش أمان,"[{""name"":""DCF"",""value"":""‏٣٣٠٫٧١ ر.س.‏"",""raw"":330.7082731170484},{""name"":""جراهام"",""value"":""‏٢٨٤٫٠٢ ر.س.‏"",""raw"":284.016393442623},{""name"":""مكرر الربحية P/E"",""value"":""‏٢٥٢٫٠٠ ر.س.‏"",""raw"":252},{""name"":""جوردون"",""value"":""‏١٣٧٫٣٣ ر.س.‏"",""raw"":137.33333333333334},{""name"":""القيمة الدفترية"",""value"":""‏٢٠١٫٩٢ ر.س.‏"",""raw"":201.916}]",,,,,,,,,,,,
